External_id__c,AccountExternalId,FirstName,LastName
C1,A33,Lula,Gardner
C2,A44,Kelsey Shawn,Parrish
C3,A63,Noreen,Ray
C4,A44,Jimmie,Orr
C5,A5,Alfred Jerry,Conrad
C6,A35,Tania,House
C7,A28,Chad,Rodriquez
C8,A64,Maxine Joanne,Shepard
C9,A56,Marta Derek,Schwartz
C10,A68,Cesar Jonathan,Aguirre
C11,A67,Annmarie,Austin
C12,A86,Micheal,Smith
C13,A27,Ericka,Glover
C14,A66,Edgardo,Bailey
C15,A80,Richard Guillermo,Daniels
C16,A28,Blaine Everette,Walters
C17,A64,Bernice,Gordon
C18,A65,Helga,Macias
C19,A32,Nelda,Fry
C20,A74,Joanne,Mcmahon
C21,A1,Elnora,Huffman
C22,A49,Gregory,Langley
C23,A66,Marcella Randell,Stephens
C24,A68,Kirk,Bowers
C25,A57,Jolene,Cote
C26,A90,Omar,Jennings
C27,A23,Imogene,Harrington
C28,A28,Lilly,Diaz
C29,A36,Alexandra,Cochran
C30,A76,Keith,Waller
C31,A12,Edward,Berg
C32,A30,Joy,Orr
C33,A86,Darin Delacruz,Meyer
C34,A97,Latasha,Pollard
C35,A26,Mervin,Arnold
C36,A5,Constance,Mooney
C37,A24,Mariano,Sharp
C38,A67,Joyce,Massey
C39,A68,Gena,Richardson
C40,A66,Elwood Joanna,Nelson
C41,A78,Vito,Wyatt
C42,A18,Johnnie,Landry
C43,A48,Katy,Simon
C44,A75,Cornelia,Frazier
C45,A10,Isaac Samantha,Talley
C46,A24,Edmond,Fleming
C47,A15,Yong,Cantrell
C48,A30,Brock,Manning
C49,A97,Gregory,Tucker
C50,A85,Darren,Cooke
C51,A37,Ola,Roach
C52,A54,Leslie,Sloan
C53,A43,Leann,Strong
C54,A18,Donnell,Fleming
C55,A72,Jimmy Alvaro,Bonner
C56,A46,Maryann,Daniel
C57,A9,Neva,Terrell
C58,A49,Shaun,Gentry
C59,A100,Brooke Carlos,Hatfield
C60,A41,Jewel,Robbins
C61,A64,Trevor,Moody
C62,A72,Kris,Blanchard
C63,A45,Cornell Sam,Sykes
C64,A85,Harry Fredric,Reilly
C65,A59,Melanie Betty,Silva
C66,A29,Colby Karl,Reynolds
C67,A58,Silvia,Hebert
C68,A86,Lolita,Harrell
C69,A2,Dale,Smith
C70,A54,Marty,Lowery
C71,A56,Constance,Dotson
C72,A84,Rosalinda Angelita,Clemons
C73,A28,Janet,Pollard
C74,A88,Lois,Chambers
C75,A60,Raphael,Mann
C76,A27,Saul,Santana
C77,A37,Carolina Rolland,Gillespie
C78,A87,Tracey,Daniels
C79,A3,Tina,Gilmore
C80,A14,Celina,Ewing
C81,A42,Lyle,Vazquez
C82,A52,Carl,Martinez
C83,A16,Adam,Castillo
C84,A51,Ali,Cannon
C85,A7,Eduardo,Ryan
C86,A8,Roosevelt,Fowler
C87,A34,Victor,Chase
C88,A1,Tamera,Howard
C89,A31,Matt,Whitley
C90,A17,Aileen,Klein
C91,A22,Eric,Houston
C92,A23,Anton,English
C93,A69,Brian,Rodgers
C94,A33,Dwight,Arnold
C95,A92,Margo,Snider
C96,A89,Kip,Holloway
C97,A16,Claudia,Hurley
C98,A85,Kate Robin,Guerra
C99,A88,Nadia,Case
C100,A76,Linda,Rivera
C101,A40,Cory,Burke
C102,A45,Rita,Sweeney
C103,A32,Danielle,Sellers
C104,A30,Mauricio,Sims
C105,A90,Hank Sylvester,Mcclain
C106,A20,Robby,Mccormick
C107,A11,Felicia Tia,Landry
C108,A8,Rosetta,Sherman
C109,A55,Beryl Reyna,West
C110,A2,Emery,Mckinney
C111,A69,Hazel,Whitney
C112,A86,Sal,Yates
C113,A62,Madelyn,Gentry
C114,A36,Branden,Farley
C115,A68,Randal Lloyd,Weaver
C116,A98,Ashlee,Carson
C117,A48,Coleen,Pena
C118,A49,Karla,Leach
C119,A43,Jill,Vargas
C120,A69,Kathleen,Conrad
C121,A91,Lenora,Osborn
C122,A22,Demetrius Rory,Reese
C123,A91,Damien,Bush
C124,A40,Rhoda,Huber
C125,A52,Roland Bridgett,Rush
C126,A2,Cliff Ramsey,Delaney
C127,A46,Marcus,Sellers
C128,A23,Shari,Vazquez
C129,A69,Marissa,Joseph
C130,A35,Gavin,Marks
C131,A100,Laurel,Manning
C132,A90,Karin Rita,Leon
C133,A36,Lynette,Harris
C134,A1,Carlene,Hyde
C135,A88,Jeanie,Perkins
C136,A72,Michael,Castillo
C137,A81,Martha,Henson
C138,A23,Tracy,Goff
C139,A95,Cruz Branden,Ferguson
C140,A100,Valentin,Sweet
C141,A26,Archie,Love
C142,A67,Esther,Gentry
C143,A8,Fidel,Marshall
C144,A80,Demetrius,Arnold
C145,A39,Gail,Snow
C146,A49,Jeanne,Kim
C147,A95,Brenda,Fuentes
C148,A31,Vonda,Riggs
C149,A17,Marion,Stokes
C150,A75,Van Austin,Greer
C151,A32,Thelma Chrystal,Vazquez
C152,A89,Geraldine,Jordan
C153,A69,Christian Bart,Ellis
C154,A22,Bessie,Morin
C155,A69,Jackie,Valencia
C156,A55,Lucia,Huber
C157,A54,Marcus,Barnett
C158,A62,Garland Tomas,Shaw
C159,A34,Jeff,Mckinney
C160,A32,Stefan,Carroll
C161,A81,Robyn Johanna,Graves
C162,A85,Johnny Lonnie,Chen
C163,A77,Ricky,Wilder
C164,A35,Debbie,Flynn
C165,A83,Ed Gross,Frank
C166,A38,Walter,Dudley
C167,A77,Carissa,Vincent
C168,A66,Stephanie,Griffin
C169,A56,Herminia,Garza
C170,A93,Brad,Terry
C171,A34,Dixie,Webb
C172,A8,Imelda,Harmon
C173,A59,Lara Shaun,Blackburn
C174,A39,Randi Ramona,Boone
C175,A97,Marc Jake,Blair
C176,A76,Esteban,Hoover
C177,A82,Luis,Mathews
C178,A26,Marta,Coffey
C179,A20,Hope Francisca,Roberts
C180,A84,Hollie,May
C181,A73,Autumn,Hayden
C182,A15,Walker,Barton
C183,A46,Cherie Ken,Navarro
C184,A16,Michael,England
C185,A13,Orval Emilia,Hendrix
C186,A24,Morgan,Parks
C187,A76,Michele,Morris
C188,A48,Edmond,Morales
C189,A79,Maxine,Jefferson
C190,A30,Noemi,Herman
C191,A70,Earlene,Knowles
C192,A52,Hallie,Torres
C193,A32,Nina,Potter
C194,A34,Elvis Harriet,Hays
C195,A83,Raymond,Christensen
C196,A72,Victor Wiggins,Roy
C197,A35,Dusty,Grant
C198,A65,Wilfredo,Davidson
C199,A11,Don,Brock
C200,A55,Leland Terence,Sosa
C201,A38,Heath,Norman
C202,A60,Charity,Ballard
C203,A2,Carlos,Mcleod
C204,A23,Isabelle,Hogan
C205,A79,Michelle,Leonard
C206,A46,Florine,Hart
C207,A91,Anita,Ruiz
C208,A3,Valarie Mary,Baker
C209,A17,Cody,Sloan
C210,A88,Rose Lilian,Watts
C211,A79,Vicky,Shannon
C212,A57,Judith,Madden
C213,A59,Estela Erma,Williamson
C214,A22,Ila,Middleton
C215,A89,Marisol Lindsay,Burke
C216,A96,Danny,Patrick
C217,A90,Lena Monroe,Padilla
C218,A49,Dona,Orr
C219,A23,Gerard,Vasquez
C220,A15,Davis Guadalupe,Robbins
C221,A83,Samantha,Boyer
C222,A8,Madge,Calhoun
C223,A61,Ricardo,Spears
C224,A26,Candy Ross,Freeman
C225,A37,Weldon,Bowen
C226,A88,Lydia,Meyer
C227,A73,Reggie,Sims
C228,A75,Linwood,Harrington
C229,A84,Andres,Yates
C230,A25,Jerry Wiley,Compton
C231,A11,Jarred Cameron,Fleming
C232,A80,Leonor,Whitaker
C233,A26,Derick Osvaldo,Baird
C234,A97,Adele,Fox
C235,A91,Lacey,Stuart
C236,A77,Howard Eric,Johns
C237,A49,Joey Chen,Ballard
C238,A76,Brenton,Preston
C239,A3,Carrie,Hebert
C240,A67,Crystal,Burris
C241,A31,Frances Nora,Chang
C242,A59,Clarence Elizabeth,Chambers
C243,A16,Milo Atkinson,Palmer
C244,A51,Jonathon,Campos
C245,A9,Vilma,House
C246,A25,Martin,Hull
C247,A3,Sonny Kirby,Jacobson
C248,A98,Carol,Jenkins
C249,A94,Carla Morgan,Lane
C250,A55,German,Rivera
C251,A77,Kristy Marta,Finch
C252,A95,Rosario,Donovan
C253,A1,Rosemary Adam,Larson
C254,A72,Eloise Amelia,Marks
C255,A69,Henry,Poole
C256,A78,Gladys,Russell
C257,A47,Damion,Medina
C258,A54,Beth,Mcfarland
C259,A89,Andres,Cote
C260,A64,Latasha Bonnie,Moreno
C261,A77,Leanne,Brady
C262,A63,Kelley,Vang
C263,A93,Carlos Silas,Bradford
C264,A31,Connie,Snider
C265,A32,Marva,Morgan
C266,A71,Harriett Lessie,Boyd
C267,A20,Dante,Mendoza
C268,A52,Joey,Crawford
C269,A46,Luz Maura,Russo
C270,A40,Hilario,Mccray
C271,A55,Tanisha,Bender
C272,A31,Leopoldo,Blevins
C273,A4,Blanca,Benson
C274,A43,Jamie,Moss
C275,A2,Carl,Case
C276,A55,Callie Angela,Clements
C277,A7,Augusta,Huber
C278,A21,Tameka Velazquez,Caldwell
C279,A6,Roosevelt Zachery,King
C280,A7,Tanya Berta,Francis
C281,A94,Adriana,Mathews
C282,A25,Alden,Nicholson
C283,A62,Mel,Vaughan
C284,A54,Benjamin,Ratliff
C285,A56,Dominique,Emerson
C286,A1,Melvin,Love
C287,A93,Karyn,May
C288,A93,Molly,Munoz
C289,A70,Samantha Justine,Trujillo
C290,A96,Napoleon,Bradley
C291,A31,Nathan,Joseph
C292,A64,Gil,Cunningham
C293,A92,Kip,Petty
C294,A82,Carmen,Jarvis
C295,A92,Hillary,Dunlap
C296,A24,Celeste,Strong
C297,A70,Jacqueline,Justice
C298,A89,Terrell Milton,Cummings
C299,A13,Glen,Farmer
C300,A1,Lori,Deleon
C301,A37,Glen,Miles
C302,A31,Joseph Charley,Fitzgerald
C303,A58,Delmer,Rollins
C304,A24,Corina,Justice
C305,A70,Nicolas,Pugh
C306,A18,Brianna John,Baird
C307,A81,Diann,Vega
C308,A63,Trey,Fry
C309,A22,Deena Dawn,West
C310,A95,Burt,Johnston
C311,A83,Marla,Day
C312,A18,Brenton,Miranda
C313,A69,Mauricio,Merritt
C314,A31,Pierre,Odonnell
C315,A62,Dudley Morris,Perry
C316,A81,Chrystal,Hahn
C317,A52,Noel Darin,Reid
C318,A49,Alan,Brennan
C319,A8,Jacob,Dunlap
C320,A15,Anita,Robinson
C321,A8,Leslie,Best
C322,A98,Veronica,Woodward
C323,A69,Jillian,Russell
C324,A74,Miriam,Kelley
C325,A45,Clinton,Gomez
C326,A49,Daryl,Adams
C327,A80,Deandre,Clayton
C328,A40,Bianca,Snow
C329,A43,Rosemary Nolan,Simon
C330,A88,Kathy,Mcintyre
C331,A7,Jan,Matthews
C332,A59,Jon Valentin,Bean
C333,A85,Annmarie Lionel,Reed
C334,A32,Jewell Millard,May
C335,A77,Tracey,Chaney
C336,A40,Isaac,Mack
C337,A92,Branden Reginald,Allen
C338,A2,Bertha,Cameron
C339,A80,Carlos,Murphy
C340,A17,Kelly,Sellers
C341,A83,Oscar Anton,Mendez
C342,A76,Esther,Barry
C343,A72,Roman,Chandler
C344,A85,Rudy,Turner
C345,A75,Sung,Gill
C346,A19,Woodrow,Gallegos
C347,A49,Bryon Corey,Foster
C348,A92,Sean,Moore
C349,A67,Kip Mason,Cherry
C350,A3,Faith,Rosales
C351,A16,Patrick Junior,Mcmillan
C352,A13,Wilson Ava,Galloway
C353,A77,Frederic,Clemons
C354,A57,Noe,Russell
C355,A70,Herminia Frank,Landry
C356,A43,Lucile,Munoz
C357,A33,Joan Juana,Bass
C358,A45,Vito,Blevins
C359,A20,Paul,Wilkins
C360,A95,Holly,Boyer
C361,A60,Margie Nettie,Sharp
C362,A54,Luella,Sheppard
C363,A53,Araceli Diann,Greene
C364,A61,Abe Alfonzo,Morgan
C365,A50,Dewayne Saunders,Mack
C366,A34,Gregg,Chapman
C367,A61,Tyree,Gentry
C368,A63,Kevin Santiago,Petty
C369,A17,Clay,Becker
C370,A91,Bonnie,Carroll
C371,A33,Lindsay,Chavez
C372,A55,Georgina,Tanner
C373,A64,Bernadine Eli,Cannon
C374,A18,Alma,Woods
C375,A55,Silvia,Randall
C376,A77,Curtis,Flowers
C377,A87,Kate,Leblanc
C378,A82,Kristin Dale,Henson
C379,A52,Mohammed,Ochoa
C380,A84,Stuart,Stuart
C381,A51,Millicent,Holt
C382,A39,Louisa,Sanders
C383,A45,Kim Sandra,Quinn
C384,A48,Mercedes,Caldwell
C385,A48,Bobbi,Moss
C386,A95,Walker,Ochoa
C387,A49,Colleen,Morris
C388,A83,Carol,Moran
C389,A58,Cherie,Kaufman
C390,A25,May Kimberley,Nelson
C391,A57,Charles Basil,Leach
C392,A89,Abigail Clement,Good
C393,A65,Allen Kirby,Roy
C394,A49,Seymour,Alvarez
C395,A44,Stacey,Frost
C396,A54,Nicolas,Rowe
C397,A60,Cleo Tami,Key
C398,A65,Corey Marci,Woodward
C399,A6,Pat Valenzuela,Diaz
C400,A60,Nannie Sherri,Mccullough
C401,A56,Leila,Cabrera
C402,A32,Bryan,Cherry
C403,A25,Lilia Jonathon,Conley
C404,A90,Pauline,Cleveland
C405,A39,Mohamed,Garrison
C406,A65,Teddy,Mejia
C407,A42,Luann,Mathews
C408,A65,Lorraine,Meyer
C409,A43,Jeanette,Juarez
C410,A37,Edgardo,May
C411,A65,Ruth,Hanson
C412,A68,Shirley,Glover
C413,A90,Anna Nannie,Maynard
C414,A26,Luciano,Morgan
C415,A5,Dorian,Delacruz
C416,A42,Sydney,Calhoun
C417,A2,Anthony Damien,Berry
C418,A93,Doug Zelma,Bridges
C419,A53,Morgan,Hendricks
C420,A35,Lorie,Chaney
C421,A20,Bryon,Hardin
C422,A64,Gino Bessie,Dillard
C423,A38,Carmen,Fitzpatrick
C424,A26,Helga,Richmond
C425,A98,Beau Julio,Hall
C426,A44,Daren,Swanson
C427,A82,Reginald,Hampton
C428,A39,Karen,Kidd
C429,A7,Bryan,Leblanc
C430,A43,Aurelio Rosalind,Wagner
C431,A95,Irwin,Bentley
C432,A79,Angelita English,Dodson
C433,A31,Connie Theodore,Carr
C434,A65,Vincent,Richmond
C435,A49,Arturo Lara,Lindsey
C436,A77,Maricela Bridgette,Ferrell
C437,A91,Issac Becker,Mclaughlin
C438,A31,Deann Claudio,Wilkerson
C439,A54,Dean Stacey,Humphrey
C440,A88,Natalia Cecilia,Johnson
C441,A66,Sabrina,Contreras
C442,A47,Logan,Alvarez
C443,A5,Queen,Levy
C444,A27,Dennis Gerardo,Hogan
C445,A32,Kris,Camacho
C446,A1,Shawn,Griffin
C447,A79,Sadie,Mcmahon
C448,A42,Nolan,Holman
C449,A92,Rhoda Janice,Lyons
C450,A69,Claudette,Mccall
C451,A36,Napoleon,Carpenter
C452,A52,Lana,Parsons
C453,A6,Lavonne,Stephens
C454,A5,Edward Rex,Mills
C455,A32,Clifton Reuben,Hudson
C456,A9,Royce,Juarez
C457,A46,Lavonne Anderson,Gallagher
C458,A51,Jeanne,Howe
C459,A31,Lucas Louie,Haynes
C460,A71,Minnie,Harrison
C461,A4,Damon Monroe,Higgins
C462,A16,Stan,Oneal
C463,A41,Mona Marianne,Weeks
C464,A57,Sheena Morton,Britt
C465,A1,Laverne,Olson
C466,A44,Lakeisha,Gilbert
C467,A49,Peggy,Bailey
C468,A57,Miriam,Kemp
C469,A28,Ronny,King
C470,A79,Carrie,Wooten
C471,A16,Abraham,Preston
C472,A28,Alvaro,Hall
C473,A91,Lauren,Nielsen
C474,A57,Marc,Gates
C475,A41,Erica,Mcintyre
C476,A27,Maxwell,Hinton
C477,A64,Geneva,Jacobson
C478,A24,Kimberley Jillian,William
C479,A33,Waldo,Burch
C480,A25,Harlan,Cline
C481,A53,Booker,Middleton
C482,A78,Elvia,Charles
C483,A46,George,Crosby
C484,A55,Milo,Hodges
C485,A59,Andres,Walter
C486,A77,Harrison,Donovan
C487,A84,Clifton Erick,Hancock
C488,A18,Chance,Barron
C489,A64,Tracy,Noble
C490,A5,Felix,Valenzuela
C491,A56,Jeanie,Nicholson
C492,A48,Elinor,Ferguson
C493,A73,Loretta Kathie,Oneill
C494,A42,Courtney,Frazier
C495,A67,Alfreda,Williamson
C496,A86,Byron,Mason
C497,A24,Abby,Juarez
C498,A76,Greta,Poole
C499,A59,Clarence Romeo,Sharpe
C500,A58,Charity ,Webster